,address_components,formatted_address,geometry.location.lat,geometry.location.lng,geometry.location_type,geometry.viewport.northeast.lat,geometry.viewport.northeast.lng,geometry.viewport.southwest.lat,geometry.viewport.southwest.lng,place_id,plus_code.compound_code,plus_code.global_code,types
0,"[{'types': ['street_number'], 'long_name': '7020', 'short_name': '7020'}, {'types': ['route'], 'long_name': 'Easy Wind Drive', 'short_name': 'Easy Wind Dr'}, {'types': ['neighborhood', 'political'], 'long_name': 'Crestview', 'short_name': 'Crestview'}, {'types': ['locality', 'political'], 'long_name': 'Austin', 'short_name': 'Austin'}, {'types': ['administrative_area_level_2', 'political'], 'long_name': 'Travis County', 'short_name': 'Travis County'}, {'types': ['administrative_area_level_1', 'political'], 'long_name': 'Texas', 'short_name': 'TX'}, {'types': ['country', 'political'], 'long_name': 'United States', 'short_name': 'US'}, {'types': ['postal_code'], 'long_name': '78752', 'short_name': '78752'}]","7020 Easy Wind Dr, Austin, TX 78752, USA",30.3382593,-97.7188884,ROOFTOP,30.3396082802915,-97.71753941970849,30.3369103197085,-97.72023738029151,ChIJw6LxOTbKRIYR6tMZVkiyTGI,"87QJ+8C Austin, Texas, United States",862487QJ+8C,"['bar', 'establishment', 'food', 'point_of_interest', 'restaurant']"
1,"[{'types': ['subpremise'], 'long_name': 'suite a', 'short_name': 'suite a'}, {'types': ['street_number'], 'long_name': '2400', 'short_name': '2400'}, {'types': ['route'], 'long_name': 'Webberville Road', 'short_name': 'Webberville Rd'}, {'types': ['neighborhood', 'political'], 'long_name': 'Blackshear-Prospect Hill', 'short_name': 'Blackshear-Prospect Hill'}, {'types': ['locality', 'political'], 'long_name': 'Austin', 'short_name': 'Austin'}, {'types': ['administrative_area_level_2', 'political'], 'long_name': 'Travis County', 'short_name': 'Travis County'}, {'types': ['administrative_area_level_1', 'political'], 'long_name': 'Texas', 'short_name': 'TX'}, {'types': ['country', 'political'], 'long_name': 'United States', 'short_name': 'US'}, {'types': ['postal_code'], 'long_name': '78702', 'short_name': '78702'}]","2400 Webberville Rd suite a, Austin, TX 78702, USA",30.2629229,-97.7146757,ROOFTOP,30.2642718802915,-97.71332671970849,30.2615739197085,-97.71602468029151,ChIJe851K8m1RIYRCAtuaL2yc-k,"777P+54 Austin, Texas, United States",8624777P+54,"['bar', 'establishment', 'food', 'point_of_interest', 'restaurant']"
2,"[{'types': ['street_number'], 'long_name': '1120', 'short_name': '1120'}, {'types': ['route'], 'long_name': 'South Lamar Boulevard', 'short_name': 'S Lamar Blvd'}, {'types': ['neighborhood', 'political'], 'long_name': 'Zilker', 'short_name': 'Zilker'}, {'types': ['locality', 'political'], 'long_name': 'Austin', 'short_name': 'Austin'}, {'types': ['administrative_area_level_2', 'political'], 'long_name': 'Travis County', 'short_name': 'Travis County'}, {'types': ['administrative_area_level_1', 'political'], 'long_name': 'Texas', 'short_name': 'TX'}, {'types': ['country', 'political'], 'long_name': 'United States', 'short_name': 'US'}, {'types': ['postal_code'], 'long_name': '78704', 'short_name': '78704'}]","1120 S Lamar Blvd, Austin, TX 78704, USA",30.25620139999999,-97.7631672,ROOFTOP,30.25755038029149,-97.76181821970849,30.2548524197085,-97.76451618029151,ChIJQf0lDR-1RIYRCuPvX35BARg,"764P+FP Austin, Texas, United States",8624764P+FP,"['bar', 'establishment', 'night_club', 'point_of_interest']"
3,"[{'types': ['street_number'], 'long_name': '5701', 'short_name': '5701'}, {'types': ['route'], 'long_name': 'West Slaughter Lane', 'short_name': 'W Slaughter Ln'}, {'types': ['locality', 'political'], 'long_name': 'Austin', 'short_name': 'Austin'}, {'types': ['administrative_area_level_2', 'political'], 'long_name': 'Travis County', 'short_name': 'Travis County'}, {'types': ['administrative_area_level_1', 'political'], 'long_name': 'Texas', 'short_name': 'TX'}, {'types': ['country', 'political'], 'long_name': 'United States', 'short_name': 'US'}, {'types': ['postal_code'], 'long_name': '78739', 'short_name': '78739'}]","5701 W Slaughter Ln, Austin, TX 78739, USA",30.1989862,-97.86898269999999,ROOFTOP,30.2003351802915,-97.86763371970848,30.1976372197085,-97.87033168029149,ChIJf4bHfQBMW4YRCnkKrqI2eck,"54XJ+HC Austin, Texas, United States",862454XJ+HC,"['bar', 'establishment', 'food', 'point_of_interest', 'restaurant']"
4,"[{'types': ['subpremise'], 'long_name': 'Ste. 130', 'short_name': 'Ste. 130'}, {'types': ['street_number'], 'long_name': '979', 'short_name': '979'}, {'types': ['route'], 'long_name': 'Springdale Road', 'short_name': 'Springdale Rd'}, {'types': ['neighborhood', 'political'], 'long_name': 'East Austin', 'short_name': 'East Austin'}, {'types': ['locality', 'political'], 'long_name': 'Austin', 'short_name': 'Austin'}, {'types': ['administrative_area_level_2', 'political'], 'long_name': 'Travis County', 'short_name': 'Travis County'}, {'types': ['administrative_area_level_1', 'political'], 'long_name': 'Texas', 'short_name': 'TX'}, {'types': ['country', 'political'], 'long_name': 'United States', 'short_name': 'US'}, {'types': ['postal_code'], 'long_name': '78702', 'short_name': '78702'}]","979 Springdale Rd Ste. 130, Austin, TX 78702, USA",30.2627334,-97.69617129999999,ROOFTOP,30.2640823802915,-97.69482231970848,30.2613844197085,-97.69752028029149,ChIJlSmQ5Hi2RIYR3EDKqAwv_8s,"7873+3G Austin, Texas, United States",86247873+3G,"['bar', 'establishment', 'point_of_interest']"
5,"[{'types': ['street_number'], 'long_name': '14028', 'short_name': '14028'}, {'types': ['route'], 'long_name': 'U.S. 183', 'short_name': 'US-183'}, {'types': ['locality', 'political'], 'long_name': 'Austin', 'short_name': 'Austin'}, {'types': ['administrative_area_level_2', 'political'], 'long_name': 'Williamson County', 'short_name': 'Williamson County'}, {'types': ['administrative_area_level_1', 'political'], 'long_name': 'Texas', 'short_name': 'TX'}, {'types': ['country', 'political'], 'long_name': 'United States', 'short_name': 'US'}, {'types': ['postal_code'], 'long_name': '78717', 'short_name': '78717'}]","14028 US-183, Austin, TX 78717, USA",30.4754981,-97.8043132,ROOFTOP,30.4768470802915,-97.8029642197085,30.4741491197085,-97.8056621802915,ChIJTdFijaAyW4YR6X5io263Oq4,"F5GW+57 Austin, Texas, United States",8624F5GW+57,"['bar', 'establishment', 'point_of_interest']"
6,"[{'types': ['street_number'], 'long_name': '2700', 'short_name': '2700'}, {'types': ['route'], 'long_name': 'South Lamar Boulevard', 'short_name': 'S Lamar Blvd'}, {'types': ['neighborhood', 'political'], 'long_name': 'Zilker', 'short_name': 'Zilker'}, {'types': ['locality', 'political'], 'long_name': 'Austin', 'short_name': 'Austin'}, {'types': ['administrative_area_level_2', 'political'], 'long_name': 'Travis County', 'short_name': 'Travis County'}, {'types': ['administrative_area_level_1', 'political'], 'long_name': 'Texas', 'short_name': 'TX'}, {'types': ['country', 'political'], 'long_name': 'United States', 'short_name': 'US'}, {'types': ['postal_code'], 'long_name': '78704', 'short_name': '78704'}, {'types': ['postal_code_suffix'], 'long_name': '4708', 'short_name': '4708'}]","2700 S Lamar Blvd, Austin, TX 78704, USA",30.2453848,-97.78044709999999,ROOFTOP,30.2467337802915,-97.7790981197085,30.2440358197085,-97.7817960802915,ChIJc1RPD9S0RIYRdEeJl5UtlXw,"66W9+5R Austin, Texas, United States",862466W9+5R,"['bar', 'establishment', 'food', 'point_of_interest', 'restaurant']"
7,"[{'types': ['street_number'], 'long_name': '609', 'short_name': '609'}, {'types': ['route'], 'long_name': 'West 29th Street', 'short_name': 'W 29th St'}, {'types': ['neighborhood', 'political'], 'long_name': 'Central Austin', 'short_name': 'Central Austin'}, {'types': ['locality', 'political'], 'long_name': 'Austin', 'short_name': 'Austin'}, {'types': ['administrative_area_level_2', 'political'], 'long_name': 'Travis County', 'short_name': 'Travis County'}, {'types': ['administrative_area_level_1', 'political'], 'long_name': 'Texas', 'short_name': 'TX'}, {'types': ['country', 'political'], 'long_name': 'United States', 'short_name': 'US'}, {'types': ['postal_code'], 'long_name': '78705', 'short_name': '78705'}, {'types': ['postal_code_suffix'], 'long_name': '3617', 'short_name': '3617'}]","609 W 29th St, Austin, TX 78705, USA",30.2953309,-97.74344549999999,ROOFTOP,30.2966798802915,-97.7420965197085,30.2939819197085,-97.7447944802915,ChIJyQX_C3-1RIYRFXE_kedc2yw,"77W4+4J Austin, Texas, United States",862477W4+4J,"['bar', 'establishment', 'food', 'liquor_store', 'point_of_interest', 'restaurant', 'store']"
8,"[{'types': ['street_number'], 'long_name': '69', 'short_name': '69'}, {'types': ['route'], 'long_name': 'Rainey Street', 'short_name': 'Rainey St'}, {'types': ['neighborhood', 'political'], 'long_name': 'Rainey Street Historic District', 'short_name': 'Rainey Street Historic District'}, {'types': ['locality', 'political'], 'long_name': 'Austin', 'short_name': 'Austin'}, {'types': ['administrative_area_level_2', 'political'], 'long_name': 'Travis County', 'short_name': 'Travis County'}, {'types': ['administrative_area_level_1', 'political'], 'long_name': 'Texas', 'short_name': 'TX'}, {'types': ['country', 'political'], 'long_name': 'United States', 'short_name': 'US'}, {'types': ['postal_code'], 'long_name': '78701', 'short_name': '78701'}]","69 Rainey St, Austin, TX 78701, USA",30.2580205,-97.73878429999999,ROOFTOP,30.2593694802915,-97.7374353197085,30.2566715197085,-97.7401332802915,ChIJf2xE1Ku1RIYR-T5imnkTwAI,"7756+6F Austin, Texas, United States",86247756+6F,"['bar', 'establishment', 'point_of_interest']"
9,"[{'types': ['subpremise'], 'long_name': 'Suite 120B', 'short_name': 'Suite 120B'}, {'types': ['street_number'], 'long_name': '1911', 'short_name': '1911'}, {'types': ['route'], 'long_name': 'Aldrich Street', 'short_name': 'Aldrich St'}, {'types': ['neighborhood', 'political'], 'long_name': 'Mueller Town Center District', 'short_name': 'Mueller Town Center District'}, {'types': ['locality', 'political'], 'long_name': 'Austin', 'short_name': 'Austin'}, {'types': ['administrative_area_level_2', 'political'], 'long_name': 'Travis County', 'short_name': 'Travis County'}, {'types': ['administrative_area_level_1', 'political'], 'long_name': 'Texas', 'short_name': 'TX'}, {'types': ['country', 'political'], 'long_name': 'United States', 'short_name': 'US'}, {'types': ['postal_code'], 'long_name': '78723', 'short_name': '78723'}]","1911 Aldrich St Suite 120B, Austin, TX 78723, USA",30.2983308,-97.7045905,ROOFTOP,30.2996797802915,-97.7032415197085,30.2969818197085,-97.7059394802915,ChIJ595f4vi1RIYRwhSGpyrcRLQ,"77XW+85 Austin, Texas, United States",862477XW+85,"['bar', 'establishment', 'point_of_interest']"
10,"[{'types': ['subpremise'], 'long_name': '101', 'short_name': '101'}, {'types': ['street_number'], 'long_name': '9070', 'short_name': '9070'}, {'types': ['route'], 'long_name': 'Research Boulevard', 'short_name': 'Research Blvd'}, {'types': ['neighborhood', 'political'], 'long_name': 'North Shoal Creek', 'short_name': 'North Shoal Creek'}, {'types': ['locality', 'political'], 'long_name': 'Austin', 'short_name': 'Austin'}, {'types': ['administrative_area_level_2', 'political'], 'long_name': 'Travis County', 'short_name': 'Travis County'}, {'types': ['administrative_area_level_1', 'political'], 'long_name': 'Texas', 'short_name': 'TX'}, {'types': ['country', 'political'], 'long_name': 'United States', 'short_name': 'US'}, {'types': ['postal_code'], 'long_name': '78758', 'short_name': '78758'}]","9070 Research Blvd #101, Austin, TX 78758, USA",30.3734367,-97.7283234,ROOFTOP,30.3747856802915,-97.72697441970848,30.3720877197085,-97.72967238029149,ChIJbww655bLRIYRREr4ir2PX1c,"97FC+9M Austin, Texas, United States",862497FC+9M,"['bar', 'establishment', 'food', 'point_of_interest', 'restaurant']"
11,"[{'types': ['street_number'], 'long_name': '10001', 'short_name': '10001'}, {'types': ['route'], 'long_name': 'Metric Boulevard', 'short_name': 'Metric Blvd'}, {'types': ['neighborhood', 'political'], 'long_name': 'North Austin', 'short_name': 'North Austin'}, {'types': ['locality', 'political'], 'long_name': 'Austin', 'short_name': 'Austin'}, {'types': ['administrative_area_level_2', 'political'], 'long_name': 'Travis County', 'short_name': 'Travis County'}, {'types': ['administrative_area_level_1', 'political'], 'long_name': 'Texas', 'short_name': 'TX'}, {'types': ['country', 'political'], 'long_name': 'United States', 'short_name': 'US'}, {'types': ['postal_code'], 'long_name': '78758', 'short_name': '78758'}, {'types': ['postal_code_suffix'], 'long_name': '5299', 'short_name': '5299'}]","10001 Metric Blvd, Austin, TX 78758, USA",30.3797278,-97.7159854,ROOFTOP,30.3810767802915,-97.7146364197085,30.3783788197085,-97.7173343802915,ChIJF5K82rvJRIYR5Hm2udd-Wjc,"97HM+VJ Austin, Texas, United States",862497HM+VJ,"['bar', 'establishment', 'food', 'point_of_interest']"
12,"[{'types': ['street_number'], 'long_name': '61', 'short_name': '61'}, {'types': ['route'], 'long_name': 'Rainey Street', 'short_name': 'Rainey St'}, {'types': ['neighborhood', 'political'], 'long_name': 'Rainey Street Historic District', 'short_name': 'Rainey Street Historic District'}, {'types': ['locality', 'political'], 'long_name': 'Austin', 'short_name': 'Austin'}, {'types': ['administrative_area_level_2', 'political'], 'long_name': 'Travis County', 'short_name': 'Travis County'}, {'types': ['administrative_area_level_1', 'political'], 'long_name': 'Texas', 'short_name': 'TX'}, {'types': ['country', 'political'], 'long_name': 'United States', 'short_name': 'US'}, {'types': ['postal_code'], 'long_name': '78701', 'short_name': '78701'}]","61 Rainey St, Austin, TX 78701, USA",30.257934,-97.738896,ROOFTOP,30.2592829802915,-97.7375470197085,30.2565850197085,-97.74024498029151,ChIJ2T_HzKu1RIYRtGYjb9dLw0A,"7756+5C Austin, Texas, United States",86247756+5C,"['bar', 'establishment', 'food', 'point_of_interest', 'restaurant']"
13,"[{'types': ['street_number'], 'long_name': '1109', 'short_name': '1109'}, {'types': ['route'], 'long_name': 'South Lamar Boulevard', 'short_name': 'S Lamar Blvd'}, {'types': ['neighborhood', 'political'], 'long_name': 'Zilker', 'short_name': 'Zilker'}, {'types': ['locality', 'political'], 'long_name': 'Austin', 'short_name': 'Austin'}, {'types': ['administrative_area_level_2', 'political'], 'long_name': 'Travis County', 'short_name': 'Travis County'}, {'types': ['administrative_area_level_1', 'political'], 'long_name': 'Texas', 'short_name': 'TX'}, {'types': ['country', 'political'], 'long_name': 'United States', 'short_name': 'US'}, {'types': ['postal_code'], 'long_name': '78704', 'short_name': '78704'}, {'types': ['postal_code_suffix'], 'long_name': '2385', 'short_name': '2385'}]","1109 S Lamar Blvd, Austin, TX 78704, USA",30.2550175,-97.7619162,ROOFTOP,30.2563664802915,-97.76056721970849,30.2536685197085,-97.76326518029151,ChIJG_AQDB-1RIYRuUqbwL-S63Y,"764Q+26 Austin, Texas, United States",8624764Q+26,"['bar', 'establishment', 'point_of_interest']"
14,"[{'types': ['street_number'], 'long_name': '114', 'short_name': '114'}, {'types': ['route'], 'long_name': 'Linden Street', 'short_name': 'Linden St'}, {'types': ['neighborhood', 'political'], 'long_name': 'East Austin', 'short_name': 'East Austin'}, {'types': ['locality', 'political'], 'long_name': 'Austin', 'short_name': 'Austin'}, {'types': ['administrative_area_level_2', 'political'], 'long_name': 'Travis County', 'short_name': 'Travis County'}, {'types': ['administrative_area_level_1', 'political'], 'long_name': 'Texas', 'short_name': 'TX'}, {'types': ['country', 'political'], 'long_name': 'United States', 'short_name': 'US'}, {'types': ['postal_code'], 'long_name': '78702', 'short_name': '78702'}]","114 Linden St, Austin, TX 78702, USA",30.2530328,-97.7107212,ROOFTOP,30.2543817802915,-97.7093722197085,30.2516838197085,-97.7120701802915,ChIJcyktFKm1RIYRhoAuiJG50Zk,"773Q+6P Austin, Texas, United States",8624773Q+6P,"['bar', 'establishment', 'food', 'point_of_interest', 'restaurant']"
15,"[{'types': ['street_number'], 'long_name': '10212', 'short_name': '10212'}, {'types': ['route'], 'long_name': 'Manchaca Road', 'short_name': 'Manchaca Rd'}, {'types': ['locality', 'political'], 'long_name': 'Austin', 'short_name': 'Austin'}, {'types': ['administrative_area_level_2', 'political'], 'long_name': 'Travis County', 'short_name': 'Travis County'}, {'types': ['administrative_area_level_1', 'political'], 'long_name': 'Texas', 'short_name': 'TX'}, {'types': ['country', 'political'], 'long_name': 'United States', 'short_name': 'US'}, {'types': ['postal_code'], 'long_name': '78748', 'short_name': '78748'}]","10212 Manchaca Rd, Austin, TX 78748, USA",30.169276,-97.82664299999999,ROOFTOP,30.1706249802915,-97.82529401970848,30.1679270197085,-97.8279919802915,ChIJKRJgB_dMW4YR8u27ZLRC7iU,"559F+P8 Austin, Texas, United States",8624559F+P8,"['bar', 'establishment', 'point_of_interest']"
16,"[{'types': ['street_number'], 'long_name': '1133', 'short_name': '1133'}, {'types': ['route'], 'long_name': 'East 11th Street', 'short_name': 'E 11th St'}, {'types': ['neighborhood', 'political'], 'long_name': 'Central East Austin', 'short_name': 'Central East Austin'}, {'types': ['locality', 'political'], 'long_name': 'Austin', 'short_name': 'Austin'}, {'types': ['administrative_area_level_2', 'political'], 'long_name': 'Travis County', 'short_name': 'Travis County'}, {'types': ['administrative_area_level_1', 'political'], 'long_name': 'Texas', 'short_name': 'TX'}, {'types': ['country', 'political'], 'long_name': 'United States', 'short_name': 'US'}, {'types': ['postal_code'], 'long_name': '78702', 'short_name': '78702'}, {'types': ['postal_code_suffix'], 'long_name': '1908', 'short_name': '1908'}]","1133 E 11th St, Austin, TX 78702, USA",30.2685384,-97.7281155,ROOFTOP,30.2698873802915,-97.7267665197085,30.2671894197085,-97.72946448029151,ChIJETpRB7u1RIYRDwQmAJdd-Wc,"779C+CQ Austin, Texas, United States",8624779C+CQ,"['bar', 'establishment', 'point_of_interest']"
17,"[{'types': ['subpremise'], 'long_name': '#301', 'short_name': '#301'}, {'types': ['street_number'], 'long_name': '6550', 'short_name': '6550'}, {'types': ['route'], 'long_name': 'Comanche Trail', 'short_name': 'Comanche Trail'}, {'types': ['neighborhood', 'political'], 'long_name': 'Comanche Canyon Ranch', 'short_name': 'Comanche Canyon Ranch'}, {'types': ['locality', 'political'], 'long_name': 'Austin', 'short_name': 'Austin'}, {'types': ['administrative_area_level_2', 'political'], 'long_name': 'Travis County', 'short_name': 'Travis County'}, {'types': ['administrative_area_level_1', 'political'], 'long_name': 'Texas', 'short_name': 'TX'}, {'types': ['country', 'political'], 'long_name': 'United States', 'short_name': 'US'}, {'types': ['postal_code'], 'long_name': '78732', 'short_name': '78732'}]","6550 Comanche Trail #301, Austin, TX 78732, USA",30.4058452,-97.8741565,ROOFTOP,30.4071941802915,-97.8728075197085,30.4044962197085,-97.87550548029151,ChIJMbXMdmAxW4YRcBYizYsMcAw,"C44G+88 Comanche Canyon Ranch, Austin, TX, United States",8624C44G+88,"['bar', 'establishment', 'food', 'point_of_interest', 'restaurant']"
18,"[{'types': ['street_number'], 'long_name': '12709', 'short_name': '12709'}, {'types': ['route'], 'long_name': 'North Mopac Expressway', 'short_name': 'N Mopac Expy'}, {'types': ['neighborhood', 'political'], 'long_name': 'North Austin', 'short_name': 'North Austin'}, {'types': ['locality', 'political'], 'long_name': 'Austin', 'short_name': 'Austin'}, {'types': ['administrative_area_level_2', 'political'], 'long_name': 'Travis County', 'short_name': 'Travis County'}, {'types': ['administrative_area_level_1', 'political'], 'long_name': 'Texas', 'short_name': 'TX'}, {'types': ['country', 'political'], 'long_name': 'United States', 'short_name': 'US'}, {'types': ['postal_code'], 'long_name': '78727', 'short_name': '78727'}]","12709 N Mopac Expy, Austin, TX 78727, USA",30.423577,-97.7021219,ROOFTOP,30.4249259802915,-97.7007729197085,30.4222280197085,-97.7034708802915,ChIJp_RG8ibMRIYRJuF3WsgxUYQ,"C7FX+C5 Austin, Texas, United States",8624C7FX+C5,"['bar', 'establishment', 'food', 'point_of_interest', 'restaurant']"
19,"[{'types': ['street_number'], 'long_name': '4729', 'short_name': '4729'}, {'types': ['route'], 'long_name': 'Burnet Road', 'short_name': 'Burnet Rd'}, {'types': ['neighborhood', 'political'], 'long_name': 'Brentwood', 'short_name': 'Brentwood'}, {'types': ['locality', 'political'], 'long_name': 'Austin', 'short_name': 'Austin'}, {'types': ['administrative_area_level_2', 'political'], 'long_name': 'Travis County', 'short_name': 'Travis County'}, {'types': ['administrative_area_level_1', 'political'], 'long_name': 'Texas', 'short_name': 'TX'}, {'types': ['country', 'political'], 'long_name': 'United States', 'short_name': 'US'}, {'types': ['postal_code'], 'long_name': '78756', 'short_name': '78756'}]","4729 Burnet Rd, Austin, TX 78756, USA",30.3187536,-97.7390544,ROOFTOP,30.32010258029149,-97.7377054197085,30.3174046197085,-97.74040338029151,ChIJV7paB2HKRIYR5I0plWFqp18,"8796+G9 Austin, Texas, United States",86248796+G9,"['bar', 'establishment', 'food', 'point_of_interest', 'restaurant']"
20,"[{'types': ['street_number'], 'long_name': '3508', 'short_name': '3508'}, {'types': ['route'], 'long_name': 'South Lamar Boulevard', 'short_name': 'S Lamar Blvd'}, {'types': ['neighborhood', 'political'], 'long_name': 'Barton Hills', 'short_name': 'Barton Hills'}, {'types': ['locality', 'political'], 'long_name': 'Austin', 'short_name': 'Austin'}, {'types': ['administrative_area_level_2', 'political'], 'long_name': 'Travis County', 'short_name': 'Travis County'}, {'types': ['administrative_area_level_1', 'political'], 'long_name': 'Texas', 'short_name': 'TX'}, {'types': ['country', 'political'], 'long_name': 'United States', 'short_name': 'US'}, {'types': ['postal_code'], 'long_name': '78704', 'short_name': '78704'}, {'types': ['postal_code_suffix'], 'long_name': '7934', 'short_name': '7934'}]","3508 S Lamar Blvd, Austin, TX 78704, USA",30.2401308,-97.7884842,ROOFTOP,30.2414797802915,-97.7871352197085,30.2387818197085,-97.78983318029151,ChIJs0OOmy1LW4YRJhQEyCloKQ4,"66R6+3J Austin, Texas, United States",862466R6+3J,"['bar', 'establishment', 'food', 'point_of_interest', 'restaurant']"
21,"[{'types': ['subpremise'], 'long_name': '120', 'short_name': '120'}, {'types': ['street_number'], 'long_name': '10910', 'short_name': '10910'}, {'types': ['route'], 'long_name': 'Domain Drive', 'short_name': 'Domain Dr'}, {'types': ['neighborhood', 'political'], 'long_name': 'North Burnet', 'short_name': 'North Burnet'}, {'types': ['locality', 'political'], 'long_name': 'Austin', 'short_name': 'Austin'}, {'types': ['administrative_area_level_2', 'political'], 'long_name': 'Travis County', 'short_name': 'Travis County'}, {'types': ['administrative_area_level_1', 'political'], 'long_name': 'Texas', 'short_name': 'TX'}, {'types': ['country', 'political'], 'long_name': 'United States', 'short_name': 'US'}, {'types': ['postal_code'], 'long_name': '78758', 'short_name': '78758'}]","10910 Domain Dr #120, Austin, TX 78758, USA",30.3959546,-97.7269671,ROOFTOP,30.3973035802915,-97.72561811970849,30.3946056197085,-97.72831608029149,ChIJJUe9enHMRIYRSPCcdCyH2jc,"97WF+96 Austin, Texas, United States",862497WF+96,"['bar', 'establishment', 'point_of_interest']"
22,"[{'types': ['street_number'], 'long_name': '2307', 'short_name': '2307'}, {'types': ['route'], 'long_name': 'Manor Road', 'short_name': 'Manor Rd'}, {'types': ['neighborhood', 'political'], 'long_name': 'East Austin', 'short_name': 'East Austin'}, {'types': ['locality', 'political'], 'long_name': 'Austin', 'short_name': 'Austin'}, {'types': ['administrative_area_level_2', 'political'], 'long_name': 'Travis County', 'short_name': 'Travis County'}, {'types': ['administrative_area_level_1', 'political'], 'long_name': 'Texas', 'short_name': 'TX'}, {'types': ['country', 'political'], 'long_name': 'United States', 'short_name': 'US'}, {'types': ['postal_code'], 'long_name': '78722', 'short_name': '78722'}]","2307 Manor Rd, Austin, TX 78722, USA",30.28370839999999,-97.71742669999999,ROOFTOP,30.28505738029149,-97.71607771970848,30.2823594197085,-97.7187756802915,ChIJ_SqzjOy1RIYR09ZBlUuVbyc,"77MM+F2 Austin, Texas, United States",862477MM+F2,"['bar', 'establishment', 'point_of_interest']"
23,"[{'types': ['subpremise'], 'long_name': '100', 'short_name': '100'}, {'types': ['street_number'], 'long_name': '2314', 'short_name': '2314'}, {'types': ['route'], 'long_name': 'Rutland Drive', 'short_name': 'Rutland Dr'}, {'types': ['neighborhood', 'political'], 'long_name': 'North Austin', 'short_name': 'North Austin'}, {'types': ['locality', 'political'], 'long_name': 'Austin', 'short_name': 'Austin'}, {'types': ['administrative_area_level_2', 'political'], 'long_name': 'Travis County', 'short_name': 'Travis County'}, {'types': ['administrative_area_level_1', 'political'], 'long_name': 'Texas', 'short_name': 'TX'}, {'types': ['country', 'political'], 'long_name': 'United States', 'short_name': 'US'}, {'types': ['postal_code'], 'long_name': '78758', 'short_name': '78758'}]","2314 Rutland Dr #100, Austin, TX 78758, USA",30.382611,-97.72003,ROOFTOP,30.3839599802915,-97.71868101970848,30.3812620197085,-97.7213789802915,ChIJZeyxLY3LRIYRKseIgfEgTRc,"97MH+2X Austin, Texas, United States",862497MH+2X,"['establishment', 'food', 'point_of_interest']"
24,"[{'types': ['street_number'], 'long_name': '2105', 'short_name': '2105'}, {'types': ['route'], 'long_name': 'Hancock Drive', 'short_name': 'Hancock Dr'}, {'types': ['neighborhood', 'political'], 'long_name': 'Allandale', 'short_name': 'Allandale'}, {'types': ['locality', 'political'], 'long_name': 'Austin', 'short_name': 'Austin'}, {'types': ['administrative_area_level_2', 'political'], 'long_name': 'Travis County', 'short_name': 'Travis County'}, {'types': ['administrative_area_level_1', 'political'], 'long_name': 'Texas', 'short_name': 'TX'}, {'types': ['country', 'political'], 'long_name': 'United States', 'short_name': 'US'}, {'types': ['postal_code'], 'long_name': '78756', 'short_name': '78756'}, {'types': ['postal_code_suffix'], 'long_name': '2506', 'short_name': '2506'}]","2105 Hancock Dr, Austin, TX 78756, USA",30.3219946,-97.73979,ROOFTOP,30.3233435802915,-97.73844101970849,30.3206456197085,-97.74113898029151,ChIJrQOu2V_KRIYR2bL87Ooc-jg,"87C6+Q3 Austin, Texas, United States",862487C6+Q3,"['bar', 'establishment', 'food', 'point_of_interest', 'restaurant']"
25,"[{'types': ['street_number'], 'long_name': '2316', 'short_name': '2316'}, {'types': ['route'], 'long_name': 'Webberville Road', 'short_name': 'Webberville Rd'}, {'types': ['neighborhood', 'political'], 'long_name': 'Blackshear-Prospect Hill', 'short_name': 'Blackshear-Prospect Hill'}, {'types': ['locality', 'political'], 'long_name': 'Austin', 'short_name': 'Austin'}, {'types': ['administrative_area_level_2', 'political'], 'long_name': 'Travis County', 'short_name': 'Travis County'}, {'types': ['administrative_area_level_1', 'political'], 'long_name': 'Texas', 'short_name': 'TX'}, {'types': ['country', 'political'], 'long_name': 'United States', 'short_name': 'US'}, {'types': ['postal_code'], 'long_name': '78702', 'short_name': '78702'}]","2316 Webberville Rd, Austin, TX 78702, USA",30.262572,-97.7153465,ROOFTOP,30.2639209802915,-97.7139975197085,30.2612230197085,-97.7166954802915,ChIJha7nJMm1RIYRy3tadb3tYYI,"777M+2V Austin, Texas, United States",8624777M+2V,"['bar', 'establishment', 'food', 'point_of_interest', 'restaurant']"
26,"[{'types': ['locality', 'political'], 'long_name': 'Austin', 'short_name': 'Austin'}, {'types': ['administrative_area_level_1', 'political'], 'long_name': 'Texas', 'short_name': 'TX'}, {'types': ['country', 'political'], 'long_name': 'United States', 'short_name': 'US'}, {'types': ['postal_code'], 'long_name': '78758', 'short_name': '78758'}]","8565 Research Blvd., Austin, TX 78758, United States",30.3614382,-97.7162305,GEOMETRIC_CENTER,30.3627871802915,-97.71488151970848,30.3600892197085,-97.7175794802915,ChIJydim-sbLRIYR4gznE5gE5kQ,"976M+HG Austin, Texas, United States",8624976M+HG,"['bar', 'establishment', 'food', 'point_of_interest', 'restaurant']"
27,"[{'types': ['street_number'], 'long_name': '4236', 'short_name': '4236'}, {'types': ['route'], 'long_name': 'South Lamar Boulevard', 'short_name': 'S Lamar Blvd'}, {'types': ['locality', 'political'], 'long_name': 'Austin', 'short_name': 'Austin'}, {'types': ['administrative_area_level_1', 'political'], 'long_name': 'Texas', 'short_name': 'TX'}, {'types': ['country', 'political'], 'long_name': 'United States', 'short_name': 'US'}, {'types': ['postal_code'], 'long_name': '78704', 'short_name': '78704'}]","7905, 4236 S Lamar Blvd, Austin, TX 78704, United States",30.236083,-97.795897,ROOFTOP,30.2374319802915,-97.79454801970849,30.2347340197085,-97.7972459802915,ChIJRdNEeDBLW4YR9P1mzVWCyOw,"66P3+CJ Austin, Texas, United States",862466P3+CJ,"['bar', 'establishment', 'food', 'point_of_interest', 'restaurant']"
28,"[{'types': ['street_number'], 'long_name': '1814', 'short_name': '1814'}, {'types': ['route'], 'long_name': 'East Martin Luther King Junior Boulevard', 'short_name': 'E Martin Luther King Jr Blvd'}, {'types': ['locality', 'political'], 'long_name': 'Austin', 'short_name': 'Austin'}, {'types': ['administrative_area_level_1', 'political'], 'long_name': 'Texas', 'short_name': 'TX'}, {'types': ['country', 'political'], 'long_name': 'United States', 'short_name': 'US'}, {'types': ['postal_code'], 'long_name': '78702', 'short_name': '78702'}]","1241, 1814 E Martin Luther King Jr Blvd, Austin, TX 78702, United States",30.28004689999999,-97.72157469999999,ROOFTOP,30.28139588029149,-97.72022571970848,30.2786979197085,-97.7229236802915,ChIJAR7m4ZS1RIYRHB6RITAk13A,"77JH+29 Austin, Texas, United States",862477JH+29,"['establishment', 'food', 'point_of_interest', 'restaurant']"
29,"[{'types': ['street_number'], 'long_name': '2908', 'short_name': '2908'}, {'types': ['route'], 'long_name': 'Fruth Street', 'short_name': 'Fruth St'}, {'types': ['neighborhood', 'political'], 'long_name': 'Central Austin', 'short_name': 'Central Austin'}, {'types': ['locality', 'political'], 'long_name': 'Austin', 'short_name': 'Austin'}, {'types': ['administrative_area_level_2', 'political'], 'long_name': 'Travis County', 'short_name': 'Travis County'}, {'types': ['administrative_area_level_1', 'political'], 'long_name': 'Texas', 'short_name': 'TX'}, {'types': ['country', 'political'], 'long_name': 'United States', 'short_name': 'US'}, {'types': ['postal_code'], 'long_name': '78705', 'short_name': '78705'}, {'types': ['postal_code_suffix'], 'long_name': '3718', 'short_name': '3718'}]","2908 Fruth St, Austin, TX 78705, USA",30.295504,-97.741759,ROOFTOP,30.2968529802915,-97.74041001970849,30.2941550197085,-97.7431079802915,ChIJC7LFfX-1RIYRChAPNFanTEE,"77W5+67 Austin, Texas, United States",862477W5+67,"['bar', 'cafe', 'establishment', 'food', 'point_of_interest', 'restaurant', 'store']"
30,"[{'types': ['street_number'], 'long_name': '13301', 'short_name': '13301'}, {'types': ['route'], 'long_name': 'U.S. 183', 'short_name': 'US-183'}, {'types': ['neighborhood', 'political'], 'long_name': 'Anderson Arbor', 'short_name': 'Anderson Arbor'}, {'types': ['locality', 'political'], 'long_name': 'Austin', 'short_name': 'Austin'}, {'types': ['administrative_area_level_2', 'political'], 'long_name': 'Williamson County', 'short_name': 'Williamson County'}, {'types': ['administrative_area_level_1', 'political'], 'long_name': 'Texas', 'short_name': 'TX'}, {'types': ['country', 'political'], 'long_name': 'United States', 'short_name': 'US'}, {'types': ['postal_code'], 'long_name': '78750', 'short_name': '78750'}]","13301 US-183, Austin, TX 78750, USA",30.4452,-97.78658,ROOFTOP,30.4465489802915,-97.78523101970849,30.4438510197085,-97.78792898029151,ChIJC1A-udIyW4YRIG53VhmZg6E,"C6W7+39 Austin, Texas, United States",8624C6W7+39,"['bar', 'establishment', 'point_of_interest']"
31,"[{'types': ['subpremise'], 'long_name': '30', 'short_name': '30'}, {'types': ['premise'], 'long_name': 'The 360 Tower', 'short_name': 'The 360 Tower'}, {'types': ['street_number'], 'long_name': '360', 'short_name': '360'}, {'types': ['route'], 'long_name': 'Nueces Street', 'short_name': 'Nueces St'}, {'types': ['neighborhood', 'political'], 'long_name': 'Downtown', 'short_name': 'Downtown'}, {'types': ['locality', 'political'], 'long_name': 'Austin', 'short_name': 'Austin'}, {'types': ['administrative_area_level_2', 'political'], 'long_name': 'Travis County', 'short_name': 'Travis County'}, {'types': ['administrative_area_level_1', 'political'], 'long_name': 'Texas', 'short_name': 'TX'}, {'types': ['country', 'political'], 'long_name': 'United States', 'short_name': 'US'}, {'types': ['postal_code'], 'long_name': '78701', 'short_name': '78701'}]","The 360 Tower, 360 Nueces St #30, Austin, TX 78701, USA",30.2670554,-97.74958769999999,ROOFTOP,30.2684043802915,-97.74823871970848,30.2657064197085,-97.7509366802915,ChIJASWM_g61RIYRoIZHpeWyCrU,"7782+R5 Austin, Texas, United States",86247782+R5,"['bar', 'establishment', 'food', 'night_club', 'point_of_interest', 'restaurant']"
32,"[{'types': ['subpremise'], 'long_name': '200', 'short_name': '200'}, {'types': ['street_number'], 'long_name': '1900', 'short_name': '1900'}, {'types': ['route'], 'long_name': 'Simond Avenue', 'short_name': 'Simond Ave'}, {'types': ['neighborhood', 'political'], 'long_name': 'Mueller Town Center District', 'short_name': 'Mueller Town Center District'}, {'types': ['locality', 'political'], 'long_name': 'Austin', 'short_name': 'Austin'}, {'types': ['administrative_area_level_2', 'political'], 'long_name': 'Travis County', 'short_name': 'Travis County'}, {'types': ['administrative_area_level_1', 'political'], 'long_name': 'Texas', 'short_name': 'TX'}, {'types': ['country', 'political'], 'long_name': 'United States', 'short_name': 'US'}, {'types': ['postal_code'], 'long_name': '78723', 'short_name': '78723'}]","1900 Simond Ave #200, Austin, TX 78723, USA",30.2971809,-97.70453169999999,ROOFTOP,30.2985298802915,-97.70318271970848,30.2958319197085,-97.7058806802915,ChIJ10POO_m1RIYRrWwqFmgINm0,"77WW+V5 Austin, Texas, United States",862477WW+V5,"['bar', 'cafe', 'establishment', 'food', 'point_of_interest', 'restaurant', 'store']"
33,"[{'types': ['subpremise'], 'long_name': 'B', 'short_name': 'B'}, {'types': ['street_number'], 'long_name': '1900', 'short_name': '1900'}, {'types': ['route'], 'long_name': 'East Martin Luther King Junior Boulevard', 'short_name': 'E Martin Luther King Jr Blvd'}, {'types': ['neighborhood', 'political'], 'long_name': 'East Austin', 'short_name': 'East Austin'}, {'types': ['locality', 'political'], 'long_name': 'Austin', 'short_name': 'Austin'}, {'types': ['administrative_area_level_2', 'political'], 'long_name': 'Travis County', 'short_name': 'Travis County'}, {'types': ['administrative_area_level_1', 'political'], 'long_name': 'Texas', 'short_name': 'TX'}, {'types': ['country', 'political'], 'long_name': 'United States', 'short_name': 'US'}, {'types': ['postal_code'], 'long_name': '78702', 'short_name': '78702'}, {'types': ['postal_code_suffix'], 'long_name': '1243', 'short_name': '1243'}]","1900 E Martin Luther King Jr Blvd B, Austin, TX 78702, USA",30.28022039999999,-97.72110149999999,ROOFTOP,30.28156938029149,-97.71975251970849,30.2788714197085,-97.7224504802915,ChIJCaKkIZW1RIYRVejMdx9rNVw,"77JH+3H Austin, Texas, United States",862477JH+3H,"['bar', 'establishment', 'food', 'point_of_interest', 'restaurant']"
34,"[{'types': ['street_number'], 'long_name': '2400', 'short_name': '2400'}, {'types': ['route'], 'long_name': 'Patterson Industrial Drive', 'short_name': 'Patterson Industrial Dr'}, {'types': ['locality', 'political'], 'long_name': 'Pflugerville', 'short_name': 'Pflugerville'}, {'types': ['administrative_area_level_2', 'political'], 'long_name': 'Travis County', 'short_name': 'Travis County'}, {'types': ['administrative_area_level_1', 'political'], 'long_name': 'Texas', 'short_name': 'TX'}, {'types': ['country', 'political'], 'long_name': 'United States', 'short_name': 'US'}, {'types': ['postal_code'], 'long_name': '78660', 'short_name': '78660'}, {'types': ['postal_code_suffix'], 'long_name': '8312', 'short_name': '8312'}]","2400 Patterson Industrial Dr, Pflugerville, TX 78660, USA",30.402053,-97.628392,ROOFTOP,30.4034019802915,-97.62704301970851,30.4007040197085,-97.62974098029152,ChIJwdYq7kvPRIYRhWuMcRiQSkI,"C92C+RJ Austin, Texas, United States",8624C92C+RJ,"['establishment', 'food', 'point_of_interest']"
35,"[{'types': ['subpremise'], 'long_name': '607', 'short_name': '607'}, {'types': ['street_number'], 'long_name': '3913', 'short_name': '3913'}, {'types': ['route'], 'long_name': 'Todd Lane', 'short_name': 'Todd Ln'}, {'types': ['neighborhood', 'political'], 'long_name': 'McKinney', 'short_name': 'McKinney'}, {'types': ['locality', 'political'], 'long_name': 'Austin', 'short_name': 'Austin'}, {'types': ['administrative_area_level_2', 'political'], 'long_name': 'Travis County', 'short_name': 'Travis County'}, {'types': ['administrative_area_level_1', 'political'], 'long_name': 'Texas', 'short_name': 'TX'}, {'types': ['country', 'political'], 'long_name': 'United States', 'short_name': 'US'}, {'types': ['postal_code'], 'long_name': '78744', 'short_name': '78744'}]","3913 Todd Ln #607, Austin, TX 78744, USA",30.2111852,-97.7360738,ROOFTOP,30.2125341802915,-97.7347248197085,30.2098362197085,-97.73742278029151,ChIJr_5rVnm0RIYRZ4remai1ztE,"6767+FH Austin, Texas, United States",86246767+FH,"['establishment', 'food', 'point_of_interest']"
36,"[{'types': ['street_number'], 'long_name': '10006', 'short_name': '10006'}, {'types': ['route'], 'long_name': 'Manchaca Road', 'short_name': 'Manchaca Rd'}, {'types': ['locality', 'political'], 'long_name': 'Austin', 'short_name': 'Austin'}, {'types': ['administrative_area_level_1', 'political'], 'long_name': 'Texas', 'short_name': 'TX'}, {'types': ['country', 'political'], 'long_name': 'United States', 'short_name': 'US'}, {'types': ['postal_code'], 'long_name': '78748', 'short_name': '78748'}]","1322, 10006 Manchaca Rd, Austin, TX 78748, United States",30.1720664,-97.82535639999999,ROOFTOP,30.1734153802915,-97.8240074197085,30.1707174197085,-97.8267053802915,ChIJh4id6_ZMW4YRs9uO_J2eXVk,"55CF+RV Austin, Texas, United States",862455CF+RV,"['bar', 'establishment', 'point_of_interest']"
37,"[{'types': ['street_number'], 'long_name': '1213', 'short_name': '1213'}, {'types': ['route'], 'long_name': 'Corona Drive', 'short_name': 'Corona Dr'}, {'types': ['neighborhood', 'political'], 'long_name': 'University Hills and Windsor Park', 'short_name': 'University Hills and Windsor Park'}, {'types': ['locality', 'political'], 'long_name': 'Austin', 'short_name': 'Austin'}, {'types': ['administrative_area_level_2', 'political'], 'long_name': 'Travis County', 'short_name': 'Travis County'}, {'types': ['administrative_area_level_1', 'political'], 'long_name': 'Texas', 'short_name': 'TX'}, {'types': ['country', 'political'], 'long_name': 'United States', 'short_name': 'US'}, {'types': ['postal_code'], 'long_name': '78723', 'short_name': '78723'}]","1213 Corona Dr, Austin, TX 78723, USA",30.312582,-97.70488399999999,ROOFTOP,30.3139309802915,-97.70353501970848,30.3112330197085,-97.70623298029149,ChIJYVfkTBvKRIYRBqVJfxvNW3I,"877W+22 Austin, Texas, United States",8624877W+22,"['bar', 'establishment', 'food', 'point_of_interest', 'restaurant']"
38,"[{'types': ['street_number'], 'long_name': '121', 'short_name': '121'}, {'types': ['route'], 'long_name': 'West 8th Street', 'short_name': 'W 8th St'}, {'types': ['neighborhood', 'political'], 'long_name': 'Downtown', 'short_name': 'Downtown'}, {'types': ['locality', 'political'], 'long_name': 'Austin', 'short_name': 'Austin'}, {'types': ['administrative_area_level_2', 'political'], 'long_name': 'Travis County', 'short_name': 'Travis County'}, {'types': ['administrative_area_level_1', 'political'], 'long_name': 'Texas', 'short_name': 'TX'}, {'types': ['country', 'political'], 'long_name': 'United States', 'short_name': 'US'}, {'types': ['postal_code'], 'long_name': '78701', 'short_name': '78701'}]","121 W 8th St, Austin, TX 78701, USA",30.2701092,-97.74333689999999,ROOFTOP,30.2714581802915,-97.74198791970849,30.2687602197085,-97.7446858802915,ChIJd1QIigm1RIYR8sr0Er2ghCs,"77C4+2M Austin, Texas, United States",862477C4+2M,"['bar', 'establishment', 'point_of_interest']"
39,"[{'types': ['street_number'], 'long_name': '9600', 'short_name': '9600'}, {'types': ['route'], 'long_name': 'South Interstate 35 Frontage Road', 'short_name': 'S IH 35 Frontage Rd'}, {'types': ['neighborhood', 'political'], 'long_name': 'Southpark Meadows', 'short_name': 'Southpark Meadows'}, {'types': ['locality', 'political'], 'long_name': 'Austin', 'short_name': 'Austin'}, {'types': ['administrative_area_level_2', 'political'], 'long_name': 'Travis County', 'short_name': 'Travis County'}, {'types': ['administrative_area_level_1', 'political'], 'long_name': 'Texas', 'short_name': 'TX'}, {'types': ['country', 'political'], 'long_name': 'United States', 'short_name': 'US'}, {'types': ['postal_code'], 'long_name': '78748', 'short_name': '78748'}]","9600 S IH 35 Frontage Rd, Austin, TX 78748, USA",30.1605831,-97.7914742,ROOFTOP,30.1619320802915,-97.79012521970849,30.1592341197085,-97.7928231802915,ChIJwR0TUtZMW4YRQHab4-yfXmU,"5665+6C Austin, Texas, United States",86245665+6C,"['bar', 'establishment', 'food', 'point_of_interest', 'restaurant']"
40,"[{'types': ['street_number'], 'long_name': '8820', 'short_name': '8820'}, {'types': ['route'], 'long_name': 'Burnet Road', 'short_name': 'Burnet Rd'}, {'types': ['neighborhood', 'political'], 'long_name': 'North Shoal Creek', 'short_name': 'North Shoal Creek'}, {'types': ['locality', 'political'], 'long_name': 'Austin', 'short_name': 'Austin'}, {'types': ['administrative_area_level_2', 'political'], 'long_name': 'Travis County', 'short_name': 'Travis County'}, {'types': ['administrative_area_level_1', 'political'], 'long_name': 'Texas', 'short_name': 'TX'}, {'types': ['country', 'political'], 'long_name': 'United States', 'short_name': 'US'}, {'types': ['postal_code'], 'long_name': '78757', 'short_name': '78757'}]","8820 Burnet Rd, Austin, TX 78757, USA",30.3706045,-97.7275391,ROOFTOP,30.3719534802915,-97.72619011970849,30.3692555197085,-97.72888808029151,ChIJ49amkpbLRIYRj6FAuuAv7wA,"97CC+6X Austin, Texas, United States",862497CC+6X,"['bar', 'establishment', 'food', 'point_of_interest', 'restaurant']"
